"section_id","category_id","category","label","label_mapped"
868,11,"Physician ","/ Lipase:","FALSE"
56,2,"Consult","24 Hour Events:","24 HOUR EVENTS"
423,6,"General","24 Hour Events:","24 HOUR EVENTS"
664,11,"Physician ","24 Hour Events:","24 HOUR EVENTS"
540,7,"Nursing","24h total in:","24h total in:"
536,7,"Nursing","24h total out:","24h total out:"
266,3,"Discharge summary","A/P:","ASSESSMENT/PLAN OF CARE"
1109,15,"Social Work","A/P:","ASSESSMENT/PLAN OF CARE"
827,11,"Physician ","A/P:","ASSESSMENT/PLAN OF CARE"
472,6,"General","A/P:","ASSESSMENT/PLAN OF CARE"
769,11,"Physician ","ABD:","GASTROINTESTINAL / ABDOMEN"
142,3,"Discharge summary","ABD:","GASTROINTESTINAL / ABDOMEN"
500,6,"General","ABD:","GASTROINTESTINAL / ABDOMEN"
506,6,"General","ABDOMEN:","GASTROINTESTINAL / ABDOMEN"
151,3,"Discharge summary","ABDOMEN:","GASTROINTESTINAL / ABDOMEN"
776,11,"Physician ","ABDOMEN:","GASTROINTESTINAL / ABDOMEN"
403,6,"General","ABG:","ABG:"
19,2,"Consult","ABG:","ABG:"
658,11,"Physician ","ABG:","ABG:"
789,11,"Physician ","ACCESS:","ACCESS"
237,3,"Discharge summary","ADDENDUM:","ADDENDUM"
1113,15,"Social Work","ADDENDUM:","ADDENDUM"
208,3,"Discharge summary","ADMISSION LABS:","ADMISSION LABS"
352,3,"Discharge summary","ADMISSION PHYSICAL EXAM:","PHYSICAL EXAMINATION"
127,3,"Discharge summary","ALLERGIES:","ALLERGIES"
503,6,"General","ALLERGIES:","ALLERGIES"
65,2,"Consult","ALLERGIES:","ALLERGIES"
800,11,"Physician ","ALT / AST:","FALSE"
229,3,"Discharge summary","AORTA:","AORTA"
375,5,"Echo","AORTA:","AORTA"
220,3,"Discharge summary","AORTIC VALVE:","AORTIC VALVE"
369,5,"Echo","AORTIC VALVE:","AORTIC VALVE"
856,11,"Physician ","ASSESSMENT AND PLAN:","ASSESSMENT/PLAN OF CARE"
1108,15,"Social Work","ASSESSMENT:","ASSESSMENT:"
757,11,"Physician ","Abd:","GASTROINTESTINAL / ABDOMEN"
79,2,"Consult","Abd:","GASTROINTESTINAL / ABDOMEN"
123,3,"Discharge summary","Abd:","GASTROINTESTINAL / ABDOMEN"
473,6,"General","Abd:","GASTROINTESTINAL / ABDOMEN"
116,3,"Discharge summary","Abdomen:","GASTROINTESTINAL / ABDOMEN"
766,11,"Physician ","Abdomen:","GASTROINTESTINAL / ABDOMEN"
41,2,"Consult","Abdominal:","GASTROINTESTINAL / ABDOMEN"
678,11,"Physician ","Abdominal:","GASTROINTESTINAL / ABDOMEN"
437,6,"General","Abdominal:","GASTROINTESTINAL / ABDOMEN"
310,3,"Discharge summary","Abdominal:","GASTROINTESTINAL / ABDOMEN"
801,11,"Physician ","Access:","ACCESS"
76,2,"Consult","Acid:","FALSE"
724,11,"Physician ","Acid:","FALSE"
488,6,"General","Acid:","FALSE"
1144,1,"Case Management ","Action:","ACTION"
395,6,"General","Action:","ACTION"
1014,13,"Rehab Services","Activity BP:","Activity BP:"
1016,13,"Rehab Services","Activity HR:","Activity HR:"
1022,13,"Rehab Services","Activity O2 sat:","Activity O2 sat:"
918,13,"Rehab Services","Activity Orders:","Activity Orders:"
1034,13,"Rehab Services","Activity RR:","Activity RR:"
120,3,"Discharge summary","Activity Status:","Activity Status:"
1153,1,"Case Management ","Acute rehab:","Acute rehab:"
182,3,"Discharge summary","Addendum:","ADDENDUM"
1085,15,"Social Work","Additional Information:","Additional Information:"
548,7,"Nursing","Additional history:","Additional history:"
175,3,"Discharge summary","Address:","Address:"
143,3,"Discharge summary","Admission Date:","Admission Date:"
233,3,"Discharge summary","Admission Labs:","ADMISSION LABS"
264,3,"Discharge summary","Admission labs:","ADMISSION LABS"
532,7,"Nursing","Admission weight:","ADMISSION WEIGHT"
329,3,"Discharge summary","Admission:","Admission:"
531,7,"Nursing","Admit diagnosis:","ADMITTING DIAGNOSIS"
627,9,"Nutrition","Admit wt:","ADMISSION WEIGHT"
878,12,"Radiology","Admitting Diagnosis:","ADMITTING DIAGNOSIS"
945,13,"Rehab Services","Aerobic Activity Response:","Aerobic Activity Response:"
963,13,"Rehab Services","Aerobic Capacity:","Aerobic Capacity:"
1079,14,"Respiratory ","Airway problems:","Airway problems:"
742,11,"Physician ","Albumin:","FALSE"
50,2,"Consult","Alcohol:","ALCOHOL"
740,11,"Physician ","Alcohol:","ALCOHOL"
533,7,"Nursing","Allergies/Reactions:","ALLERGIES"
5,2,"Consult","Allergies:","ALLERGIES"
390,6,"General","Allergies:","ALLERGIES"
633,11,"Physician ","Allergies:","ALLERGIES"
82,3,"Discharge summary","Allergies:","ALLERGIES"
826,11,"Physician ","Allergy / Immunology:","Allergy / Immunology:"
915,13,"Rehab Services","Ambulation:","Ambulation:"
733,11,"Physician ","Amylase / Lipase:","FALSE"
73,2,"Consult","Amylase / Lipase:","FALSE"
906,13,"Rehab Services","Anticipated Discharge:","Anticipated Discharge:"
319,3,"Discharge summary","Appointment:","Appointment:"
240,3,"Discharge summary","Approved:","Approved:"
926,13,"Rehab Services","Arousal / Attention / Cognition / Communication:","NEUROLOGIC STATUS"
546,7,"Nursing","Arterial BP:","ARTERIAL BLOOD PRESSURE"
449,6,"General","Assessment and Plan:","ASSESSMENT/PLAN OF CARE"
695,11,"Physician ","Assessment and Plan:","ASSESSMENT/PLAN OF CARE"
1062,14,"Respiratory ","Assessment of breathing comfort:","Assessment of breathing comfort:"
1141,1,"Case Management ","Assessment:","Assessment:"
631,10,"Pharmacy","Assessment:","Assessment:"
946,13,"Rehab Services","Assessment:","Assessment:"
870,11,"Physician ","Assessment:","Assessment:"
1102,15,"Social Work","Assessment:","Assessment:"
387,6,"General","Assessment:","Assessment:"
543,7,"Nursing","Attending MD:","Attending MD:"
1105,15,"Social Work","Attending:","Attending:"
83,3,"Discharge summary","Attending:","Attending:"
248,3,"Discharge summary","B/P  Right:","ARTERIAL BLOOD PRESSURE"
970,13,"Rehab Services","BEDSIDE SWALLOWING EVALUATION:","SWALLOWING ASSESSMENT"
830,11,"Physician ","BILLING DIAGNOSIS:","BILLING DIAGNOSIS:"
606,9,"Nutrition","BMI:","BMI:"
333,3,"Discharge summary","BONE WINDOWS:","BONE WINDOWS:"
892,12,"Radiology","BONE WINDOWS:","BONE WINDOWS:"
393,6,"General","BP:","ARTERIAL BLOOD PRESSURE"
18,2,"Consult","BP:","ARTERIAL BLOOD PRESSURE"
355,3,"Discharge summary","BP:","ARTERIAL BLOOD PRESSURE"
646,11,"Physician ","BP:","ARTERIAL BLOOD PRESSURE"
553,7,"Nursing","BUN:","BUN:"
311,3,"Discharge summary","Back:","Back:"
911,13,"Rehab Services","Balance:","FUNCTIONAL BALANCE"
398,6,"General","Balance:","Balance:"
4,2,"Consult","Balance:","Balance:"
636,11,"Physician ","Balance:","Balance:"
787,11,"Physician ","Band:","FALSE"
854,11,"Physician ","Baseline Creatinine:","Baseline Creatinine:"
1013,13,"Rehab Services","Baseline Occupational Performance:","Baseline Occupational Performance:"
1080,14,"Respiratory ","Bedside Procedures:","Bedside Procedures:"
725,11,"Physician ","Bili:","FALSE"
721,11,"Physician ","Billing Diagnosis:","Billing Diagnosis:"
829,11,"Physician ","Bladder pressure:","Bladder pressure:"
644,11,"Physician ","Blood products:","Blood products:"
2,2,"Consult","Blood products:","Blood products:"
408,6,"General","Blood products:","Blood products:"
88,3,"Discharge summary","Brief Hospital Course:","HOSPITAL COURSE"
130,3,"Discharge summary","Building:","Building:"
166,3,"Discharge summary","CARDIAC:","CARDIOVASCULAR"
778,11,"Physician ","CARDIAC:","CARDIOVASCULAR"
508,6,"General","CARDIAC:","CARDIOVASCULAR"
284,3,"Discharge summary","CARDIOVASCULAR:","CARDIOVASCULAR"
331,3,"Discharge summary","CARE AND RECOMMENDATIONS:","RECOMMENDATIONS"
254,3,"Discharge summary","CARE RECOMMENDATIONS:","RECOMMENDATIONS"
356,3,"Discharge summary","CBC:","FALSE"
901,12,"Radiology","CHEST:","RESPIRATORY / CHEST"
258,3,"Discharge summary","CHEST:","RESPIRATORY / CHEST"
177,3,"Discharge summary","CHIEF COMPLAINT:","CHIEF COMPLAINT:"
888,12,"Radiology","CLINICAL HISTORY:","HISTORY OF PRESENT ILLNESS"
381,5,"Echo","CLINICAL IMPLICATIONS:","CLINICAL IMPLICATIONS:"
895,12,"Radiology","CLINICAL INDICATION:","CLINICAL INDICATION:"
898,12,"Radiology","CLINICAL INFORMATION:","CLINICAL INFORMATION:"
555,7,"Nursing","CO2:","CO2:"
808,11,"Physician ","CODE STATUS:","CODE STATUS"
802,11,"Physician ","CODE:","CODE STATUS"
855,11,"Physician ","COMM:","COMM:"
293,3,"Discharge summary","COMMENTS:","COMMENTS"
843,11,"Physician ","COMMUNICATIONS:","COMMUNICATIONS:"
188,3,"Discharge summary","COMPARISON:","COMPARISON"
882,12,"Radiology","COMPARISON:","COMPARISON"
889,12,"Radiology","COMPARISONS:","COMPARISON"
900,12,"Radiology","CONCLUSION:","CONCLUSION"
326,3,"Discharge summary","CONCLUSION:","CONCLUSION"
190,3,"Discharge summary","CONDITION AT DISCHARGE:","CONDITION AT DISCHARGE"
144,3,"Discharge summary","CONDITION ON DISCHARGE:","CONDITION AT DISCHARGE"
820,11,"Physician ","CONSULTS:","CONSULTS"
283,3,"Discharge summary","CONTRAINDICATIONS for IV CONTRAST:","CONTRAINDICATIONS for IV CONTRAST:"
897,12,"Radiology","CONTRAINDICATIONS for IV CONTRAST:","CONTRAINDICATIONS for IV CONTRAST:"
320,3,"Discharge summary","COR:","CARDIOVASCULAR"
719,11,"Physician ","CV:","CARDIOVASCULAR"
107,3,"Discharge summary","CV:","CARDIOVASCULAR"
61,2,"Consult","CV:","CARDIOVASCULAR"
441,6,"General","CV:","CARDIOVASCULAR"
573,7,"Nursing","CV:","CARDIOVASCULAR"
62,2,"Consult","CVP:","CENTRAL VEINOUS PRESSURE"
693,11,"Physician ","CVP:","CENTRAL VEINOUS PRESSURE"
468,6,"General","CVP:","CENTRAL VEINOUS PRESSURE"
304,3,"Discharge summary","CVS:","CARDIOVASCULAR"
794,11,"Physician ","CVS:","CARDIOVASCULAR"
493,6,"General","CXR:","CXR:"
180,3,"Discharge summary","CXR:","CXR:"
818,11,"Physician ","CXR:","CXR:"
323,3,"Discharge summary","Ca:","FALSE"
809,11,"Physician ","Ca:","FALSE"
594,9,"Nutrition","Calculations based on:","Calculations based on:"
583,9,"Nutrition","Calories:","Calories:"
131,3,"Discharge summary","Campus:","Campus:"
853,11,"Physician ","Cardiac:","CARDIOVASCULAR"
163,3,"Discharge summary","Cardiac:","CARDIOVASCULAR"
274,3,"Discharge summary","Cardiologist:","Cardiologist:"
32,2,"Consult","Cardiovascular:","CARDIOVASCULAR"
172,3,"Discharge summary","Cardiovascular:","CARDIOVASCULAR"
391,6,"General","Cardiovascular:","CARDIOVASCULAR"
667,11,"Physician ","Cardiovascular:","CARDIOVASCULAR"
291,3,"Discharge summary","Carotid Bruit        Right:","Carotid Bruit        Right:"
1110,15,"Social Work","Case Manager:","Case Manager:"
560,7,"Nursing","Cash / Credit cards sent home with:","Cash / Credit cards sent home with:"
622,9,"Nutrition","Change diet to:","Change diet to:"
450,6,"General","Changes to medical and family history:","Changes to medical and family history:"
672,11,"Physician ","Changes to medical and family history:","Changes to medical and family history:"
46,2,"Consult","Changes to medical and family history:","Changes to medical and family history:"
487,6,"General","Chest:","RESPIRATORY / CHEST"
807,11,"Physician ","Chest:","RESPIRATORY / CHEST"
138,3,"Discharge summary","Chest:","RESPIRATORY / CHEST"
86,3,"Discharge summary","Chief Complaint:","Chief Complaint:"
440,6,"General","Chief Complaint:","Chief Complaint:"
26,2,"Consult","Chief Complaint:","Chief Complaint:"
718,11,"Physician ","Chief Complaint:","Chief Complaint:"
716,11,"Physician ","Chief complaint:","Chief complaint:"
505,6,"General","Chief complaint:","Chief complaint:"
572,7,"Nursing","Chief complaint:","Chief complaint:"
561,7,"Nursing","Chloride:","FALSE"
1046,13,"Rehab Services","Clarification:","Clarification:"
1098,15,"Social Work","Clergy Contact:","Clergy Contact:"
1117,15,"Social Work","Clinical Data:","Clinical Data:"
977,13,"Rehab Services","Clinical Impression / Prognosis:","Clinical Impression / Prognosis:"
1118,15,"Social Work","Clinical assessment/plan:","Clinical assessment/plan:"
927,13,"Rehab Services","Clinical impression / Prognosis:","Clinical impression / Prognosis:"
484,6,"General","Clinician:","Clinician:"
552,7,"Nursing","Clothes:","Clothes:"
413,6,"General","Code status:","CODE STATUS"
527,7,"Nursing","Code status:","CODE STATUS"
659,11,"Physician ","Code status:","CODE STATUS"
793,11,"Physician ","Code:","CODE STATUS"
997,13,"Rehab Services","Comm:","Comm:"
640,11,"Physician ","Comments:","COMMENTS"
596,9,"Nutrition","Comments:","COMMENTS"
419,6,"General","Comments:","COMMENTS"
1149,1,"Case Management ","Comments:","COMMENTS"
972,13,"Rehab Services","Communicated with nsg re:","Communicated with nsg re:"
1018,13,"Rehab Services","Communication / Interactive Skills:","NEUROLOGIC STATUS"
1091,15,"Social Work","Communication or visitation restriction:","Communication or visitation restriction:"
1096,15,"Social Work","Communication with Team:","Communication with Team:"
651,11,"Physician ","Communication:","Communication:"
409,6,"General","Communication:","Communication:"
1027,13,"Rehab Services","Community Integration:","Community Integration:"
103,3,"Discharge summary","Completed by:","Completed by:"
732,11,"Physician ","Compliance:","COMPLIANCE"
63,2,"Consult","Compliance:","COMPLIANCE"
514,6,"General","Compliance:","COMPLIANCE"
252,3,"Discharge summary","Conclusions:","CONCLUSION"
365,5,"Echo","Conclusions:","CONCLUSION"
747,11,"Physician ","Constitutional:","Constitutional:"
462,6,"General","Consults:","CONSULTS"
706,11,"Physician ","Consults:","CONSULTS"
1104,15,"Social Work","Continuing issues to be addressed:","Continuing issues to be addressed:"
360,5,"Echo","Contrast:","Contrast:"
885,12,"Radiology","Contrast:","Contrast:"
234,3,"Discharge summary","Contrast:","Contrast:"
999,13,"Rehab Services","Coordination:","Coordination:"
245,3,"Discharge summary","Coordination:","Coordination:"
349,3,"Discharge summary","Cor:","CARDIOVASCULAR"
189,3,"Discharge summary","Cranial Nerves:","CRANIAL NERVES"
562,7,"Nursing","Creatinine:","Creatinine:"
1069,14,"Respiratory ","Cuff  Management:","Cuff  Management:"
1066,14,"Respiratory ","Cuff pressure:","Cuff pressure:"
1073,14,"Respiratory ","Cuff volume:","Cuff volume:"
1134,1,"Case Management ","Current Discharge Plan:","Current Discharge Plan:"
620,9,"Nutrition","Current Wt:","Current Wt:"
630,9,"Nutrition","Current diet / nutrition support is appropiate:","Current diet / nutrition support is appropiate:"
603,9,"Nutrition","Current diet / nutrition support is appropriate:","Current diet / nutrition support is appropriate:"
579,9,"Nutrition","Current diet order / nutrition support:","Current diet order / nutrition support:"
699,11,"Physician ","Current medications:","Current medications:"
455,6,"General","Current medications:","Current medications:"
1,1,"Case Management ","Current plan:","Current plan:"
524,7,"Nursing","D:","D:"
105,3,"Discharge summary","D:","D:"
1037,13,"Rehab Services","DEFERRED EVALUATION:","DEFERRED EVALUATION:"
313,3,"Discharge summary","DIAGNOSIS:","DIAGNOSIS:"
212,3,"Discharge summary","DISCHARGE CONDITION:","CONDITION AT DISCHARGE"
133,3,"Discharge summary","DISCHARGE DIAGNOSES:","DISCHARGE DIAGNOSIS"
169,3,"Discharge summary","DISCHARGE DIAGNOSIS:","DISCHARGE DIAGNOSIS"
170,3,"Discharge summary","DISCHARGE DISPOSITION:","DISPOSITION"
343,3,"Discharge summary","DISCHARGE INSTRUCTIONS/FOLLOWUP:","FOLLOW UP INSTRUCTIONS"
223,3,"Discharge summary","DISCHARGE INSTRUCTIONS:","FOLLOW UP INSTRUCTIONS"
260,3,"Discharge summary","DISCHARGE LABS:","DISCHARGE LABS:"
136,3,"Discharge summary","DISCHARGE MEDICATIONS:","MEDICATIONS ON DISCHARGE"
158,3,"Discharge summary","DISCHARGE STATUS:","DISCHARGE STATUS:"
812,11,"Physician ","DISPO:","DISPOSITION"
227,3,"Discharge summary","DISPOSITION:","DISPOSITION"
815,11,"Physician ","DISPOSITION:","DISPOSITION"
1125,1,"Case Management ","DME / Home O[2]:","DME / Home O[2]:"
1158,1,"Case Management ","DME:","DME:"
213,3,"Discharge summary","DP           Right:","DP           Right:"
656,11,"Physician ","DVT:","DVT:"
422,6,"General","DVT:","DVT:"
535,7,"Nursing","Daily weight:","Daily weight:"
81,3,"Discharge summary","Date of Birth:","Date of Birth:"
114,3,"Discharge summary","Date/Time:","Date/Time:"
361,5,"Echo","Date/Time:","Date/Time:"
969,13,"Rehab Services","Date:","Date:"
1063,14,"Respiratory ","Day of intubation:","Day of intubation:"
1056,14,"Respiratory ","Day of mechanical ventilation:","Day of mechanical ventilation:"
126,3,"Discharge summary","Department:","Department:"
979,13,"Rehab Services","Diagnosis 1:","Diagnosis 1:"
989,13,"Rehab Services","Diagnosis 2:","Diagnosis 2:"
994,13,"Rehab Services","Diagnosis 3:","Diagnosis 3:"
1035,13,"Rehab Services","Diagnosis 4:","Diagnosis 4:"
585,9,"Nutrition","Diagnosis:","Diagnosis:"
924,13,"Rehab Services","Diagnosis:","Diagnosis:"
1123,1,"Case Management ","Dialysis:","Dialysis:"
106,3,"Discharge summary","Dictated By:","Dictated By:"
629,9,"Nutrition","Diet Order:","Diet Order:"
623,9,"Nutrition","Diet order:","Diet order:"
608,9,"Nutrition","Diet:","Diet:"
814,11,"Physician ","Diminished:","Diminished:"
91,3,"Discharge summary","Discharge Condition:","CONDITION AT DISCHARGE"
290,3,"Discharge summary","Discharge Date:","Discharge Date:"
90,3,"Discharge summary","Discharge Diagnosis:","DISCHARGE DIAGNOSIS"
84,3,"Discharge summary","Discharge Disposition:","DISPOSITION"
96,3,"Discharge summary","Discharge Instructions:","FOLLOW UP INSTRUCTIONS"
282,3,"Discharge summary","Discharge Labs:","Discharge Labs:"
99,3,"Discharge summary","Discharge Medications:","MEDICATIONS ON DISCHARGE"
1146,1,"Case Management ","Discharge Plan:","Discharge Plan:"
301,3,"Discharge summary","Discharge labs:","Discharge labs:"
860,11,"Physician ","Dispo:","DISPOSITION"
720,11,"Physician ","Disposition :","DISPOSITION"
421,6,"General","Disposition:","DISPOSITION"
665,11,"Physician ","Disposition:","DISPOSITION"
366,5,"Echo","Doppler:","Doppler:"
272,3,"Discharge summary","Doppler:","Doppler:"
479,6,"General","Dorsalis pedis:","Dorsalis pedis:"
728,11,"Physician ","Dorsalis pedis:","Dorsalis pedis:"
9,2,"Consult","Drains:","LINES / TUBES / DRAINS"
401,6,"General","Drains:","LINES / TUBES / DRAINS"
643,11,"Physician ","Drains:","LINES / TUBES / DRAINS"
741,11,"Physician ","Drugs:","Drugs:"
53,2,"Consult","Drugs:","Drugs:"
1078,14,"Respiratory ","Dysynchrony assessment:","Dysynchrony assessment:"
75,2,"Consult","ECG:","ECG"
507,6,"General","ECG:","ECG"
346,3,"Discharge summary","ECG:","ECG"
772,11,"Physician ","ECG:","ECG"
863,11,"Physician ","EKG:","ECG"
504,6,"General","EKG:","ECG"
192,3,"Discharge summary","EKG:","ECG"
825,11,"Physician ","ENDO:","ENDO:"
206,3,"Discharge summary","ETOH:","ALCOHOL"
1064,14,"Respiratory ","ETT:","ETT:"
956,13,"Rehab Services","EVALUATION:","EVALUATION:"
902,12,"Radiology","EXAMINATION:","EXAMINATION:"
148,3,"Discharge summary","EXT:","EXT:"
781,11,"Physician ","EXT:","EXT:"
510,6,"General","EXTREMITIES:","PERIPHERAL VASCULAR / EXTREMITIES"
783,11,"Physician ","EXTREMITIES:","PERIPHERAL VASCULAR / EXTREMITIES"
160,3,"Discharge summary","EXTREMITIES:","PERIPHERAL VASCULAR / EXTREMITIES"
910,13,"Rehab Services","Education / Communication:","Education / Communication:"
857,11,"Physician ","Ejection Fraction:","Ejection Fraction:"
1088,15,"Social Work","Employment status:","OCCUPATION"
858,11,"Physician ","Endo:","Endo:"
696,11,"Physician ","Endocrine:","Endocrine:"
447,6,"General","Endocrine:","Endocrine:"
1029,13,"Rehab Services","Environmental History:","Environmental History:"
523,6,"General","Eos:","FALSE"
734,11,"Physician ","Eos:","FALSE"
586,9,"Nutrition","Estimation of current intake:","Estimation of current intake:"
589,9,"Nutrition","Estimation of previous intake:","Estimation of previous intake:"
570,7,"Nursing","Events:","Events:"
723,11,"Physician ","Ext:","Ext:"
72,2,"Consult","Ext:","Ext:"
111,3,"Discharge summary","Ext:","Ext:"
456,6,"General","Ext:","Ext:"
292,3,"Discharge summary","Extr:","PERIPHERAL VASCULAR / EXTREMITIES"
196,3,"Discharge summary","Extrem:","PERIPHERAL VASCULAR / EXTREMITIES"
39,2,"Consult","Extremities:","PERIPHERAL VASCULAR / EXTREMITIES"
139,3,"Discharge summary","Extremities:","PERIPHERAL VASCULAR / EXTREMITIES"
691,11,"Physician ","Extremities:","PERIPHERAL VASCULAR / EXTREMITIES"
492,6,"General","Extremities:","PERIPHERAL VASCULAR / EXTREMITIES"
701,11,"Physician ","Eyes / Conjunctiva:","HEENT"
40,2,"Consult","Eyes / Conjunctiva:","HEENT"
804,11,"Physician ","Eyes:","HEENT"
164,3,"Discharge summary","FAMILY HISTORY:","FAMILY HISTORY"
518,6,"General","FAMILY HISTORY:","FAMILY HISTORY"
743,11,"Physician ","FEN:","FLUID / ELETROLYTES / NUTRITION"
513,6,"General","FEN:","FLUID / ELETROLYTES / NUTRITION"
215,3,"Discharge summary","FINAL DIAGNOSIS:","FINAL DIAGNOSIS:"
125,3,"Discharge summary","FINDINGS:","FINDINGS:"
881,12,"Radiology","FINDINGS:","FINDINGS:"
261,3,"Discharge summary","FOLLOW UP:","FOLLOW UP INSTRUCTIONS"
962,13,"Rehab Services","Face Time:","Face Time:"
951,13,"Rehab Services","Face time:","Face time:"
102,3,"Discharge summary","Facility:","Facility:"
94,3,"Discharge summary","Family History:","FAMILY HISTORY"
1112,15,"Social Work","Family Information:","Family Information:"
1135,1,"Case Management ","Family Meeting:","Family Meeting:"
1093,15,"Social Work","Family Spokesperson designated:","Family Spokesperson designated:"
731,11,"Physician ","Family history:","FAMILY HISTORY"
45,2,"Consult","Family history:","FAMILY HISTORY"
312,3,"Discharge summary","Females:","Females:"
222,3,"Discharge summary","Femoral      Right:","Femoral      Right:"
545,7,"Nursing","FiO2 set:","FIO2 SET"
679,11,"Physician ","FiO2:","FIO2 SET"
37,2,"Consult","FiO2:","FIO2 SET"
443,6,"General","FiO2:","FIO2 SET"
811,11,"Physician ","Fibrinogen:","FALSE"
887,12,"Radiology","Field of view:","Field of view:"
296,3,"Discharge summary","Findings:","Findings:"
565,7,"Nursing","Finger Stick Glucose:","Finger Stick Glucose:"
770,11,"Physician ","Fluid analysis / Other labs:","OTHER LABS"
587,9,"Nutrition","Fluid:","FLUID / ELETROLYTES / NUTRITION"
715,11,"Physician ","Fluids:","FLUID / ELETROLYTES / NUTRITION"
485,6,"General","Fluids:","FLUID / ELETROLYTES / NUTRITION"
948,13,"Rehab Services","Follow up PT visit to address goals of:","Follow up PT visit to address goals of:"
98,3,"Discharge summary","Followup Instructions:","FOLLOW UP INSTRUCTIONS"
588,9,"Nutrition","Food allergies and intolerances:","ALLERGIES"
1129,1,"Case Management ","Free Care application:","Free Care application:"
919,13,"Rehab Services","Frequency / Duration:","Frequency / Duration:"
1021,13,"Rehab Services","Functional Balance:","FUNCTIONAL BALANCE"
1121,1,"Case Management ","Functional Status / Home / Family Assessment:","Functional Status / Home / Family Assessment:"
932,13,"Rehab Services","Functional Status:","Functional Status:"
1007,13,"Rehab Services","Functional Transfers Clarification:","Functional Transfers Clarification:"
779,11,"Physician ","GEN:","GENERAL COMMENTS"
146,3,"Discharge summary","GEN:","GENERAL COMMENTS"
378,5,"Echo","GENERAL COMMENTS:","GENERAL COMMENTS"
244,3,"Discharge summary","GENERAL COMMENTS:","GENERAL COMMENTS"
509,6,"General","GENERAL:","GENERAL COMMENTS"
153,3,"Discharge summary","GENERAL:","GENERAL COMMENTS"
780,11,"Physician ","GENERAL:","GENERAL COMMENTS"
568,7,"Nursing","GI:","GASTROINTESTINAL / ABDOMEN"
581,9,"Nutrition","GI:","GASTROINTESTINAL / ABDOMEN"
205,3,"Discharge summary","GI:","GASTROINTESTINAL / ABDOMEN"
791,11,"Physician ","GI:","GASTROINTESTINAL / ABDOMEN"
842,11,"Physician ","GLYCEMIC CONTROL:","GLYCEMIC CONTROL:"
821,11,"Physician ","GU:","GENITOURINARY"
574,7,"Nursing","GU:","GENITOURINARY"
152,3,"Discharge summary","GU:","GENITOURINARY"
950,13,"Rehab Services","Gait:","Gait:"
337,3,"Discharge summary","Gait:","Gait:"
713,11,"Physician ","Gastrointestinal / Abdomen:","GASTROINTESTINAL / ABDOMEN"
461,6,"General","Gastrointestinal / Abdomen:","GASTROINTESTINAL / ABDOMEN"
759,11,"Physician ","Gastrointestinal:","GASTROINTESTINAL / ABDOMEN"
321,3,"Discharge summary","Gastrointestinal:","GASTROINTESTINAL / ABDOMEN"
122,3,"Discharge summary","Gen:","GENERAL COMMENTS"
474,6,"General","Gen:","GENERAL COMMENTS"
751,11,"Physician ","Gen:","GENERAL COMMENTS"
42,2,"Consult","General Appearance:","General Appearance:"
677,11,"Physician ","General Appearance:","General Appearance:"
438,6,"General","General Appearance:","General Appearance:"
112,3,"Discharge summary","General:","GENERAL COMMENTS"
748,11,"Physician ","General:","GENERAL COMMENTS"
767,11,"Physician ","Genitourinary:","GENITOURINARY"
558,7,"Nursing","Glucose:","Glucose:"
416,6,"General","Glycemic Control:","Glycemic Control:"
657,11,"Physician ","Glycemic Control:","Glycemic Control:"
981,13,"Rehab Services","Goal 1:","Goal 1:"
990,13,"Rehab Services","Goal 2:","Goal 2:"
995,13,"Rehab Services","Goal 3:","Goal 3:"
1032,13,"Rehab Services","Goal 4:","Goal 4:"
975,13,"Rehab Services","Goals:","Goals:"
982,13,"Rehab Services","Grooming:","Grooming:"
1115,15,"Social Work","Guardian appointed:","Guardian appointed:"
276,3,"Discharge summary","HEART:","CARDIOVASCULAR"
101,3,"Discharge summary","HEENT:","HEENT"
686,11,"Physician ","HEENT:","HEENT"
424,6,"General","HEENT:","HEENT"
824,11,"Physician ","HEME:","HEMATOLOGY"
113,3,"Discharge summary","HISTORY OF PRESENT ILLNESS:","HISTORY OF PRESENT ILLNESS"
285,3,"Discharge summary","HISTORY OF THE PRESENT ILLNESS:","HISTORY OF PRESENT ILLNESS"
955,13,"Rehab Services","HISTORY:","HISTORY OF PRESENT ILLNESS"
883,12,"Radiology","HISTORY:","HISTORY OF PRESENT ILLNESS"
165,3,"Discharge summary","HISTORY:","HISTORY OF PRESENT ILLNESS"
70,2,"Consult","HOME MEDICATIONS:","MEDICATIONS ON ADMISSION"
119,3,"Discharge summary","HOSPITAL COURSE:","HOSPITAL COURSE"
978,13,"Rehab Services","HPI / Subjective Complaint:","HISTORY OF PRESENT ILLNESS"
51,2,"Consult","HPI:","HISTORY OF PRESENT ILLNESS"
428,6,"General","HPI:","HISTORY OF PRESENT ILLNESS"
256,3,"Discharge summary","HPI:","HISTORY OF PRESENT ILLNESS"
576,7,"Nursing","HPI:","HISTORY OF PRESENT ILLNESS"
675,11,"Physician ","HPI:","HISTORY OF PRESENT ILLNESS"
17,2,"Consult","HR:","HEART RATE"
645,11,"Physician ","HR:","HEART RATE"
392,6,"General","HR:","HEART RATE"
1100,15,"Social Work","Health Care Proxy appointed:","Health Care Proxy appointed:"
1131,1,"Case Management ","Health Care Proxy:","Health Care Proxy:"
539,7,"Nursing","Heart Rate:","HEART RATE"
653,11,"Physician ","Heart rhythm:","CARDIOVASCULAR"
530,7,"Nursing","Heart rhythm:","CARDIOVASCULAR"
400,6,"General","Heart rhythm:","CARDIOVASCULAR"
23,2,"Consult","Heart rhythm:","CARDIOVASCULAR"
846,11,"Physician ","Heart:","CARDIOVASCULAR"
155,3,"Discharge summary","Heart:","CARDIOVASCULAR"
529,7,"Nursing","Height:","HEIGHT"
673,11,"Physician ","Height:","HEIGHT"
373,5,"Echo","Height:","HEIGHT"
429,6,"General","Height:","HEIGHT"
57,2,"Consult","Height:","HEIGHT"
203,3,"Discharge summary","Height:","HEIGHT"
557,7,"Nursing","Hematocrit:","HEMATOLOGY"
463,6,"General","Hematology:","HEMATOLOGY"
709,11,"Physician ","Hematology:","HEMATOLOGY"
257,3,"Discharge summary","Hematology:","HEMATOLOGY"
792,11,"Physician ","Heme / Lymph:","HEMATOLOGY"
851,11,"Physician ","Heme:","HEMATOLOGY"
871,11,"Physician ","Hemoglobin A1c:","Hemoglobin A1c:"
1008,13,"Rehab Services","Hemoglobin:","Hemoglobin:"
928,13,"Rehab Services","History of Present Illness / Subjective Complaint:","HISTORY OF PRESENT ILLNESS"
89,3,"Discharge summary","History of Present Illness:","HISTORY OF PRESENT ILLNESS"
1025,13,"Rehab Services","Home Management:","Home Management:"
1156,1,"Case Management ","Home with services:","Home with services:"
1155,1,"Case Management ","Hospice home:","Hospice home:"
1157,1,"Case Management ","Hospice inpatient:","Hospice inpatient:"
1136,1,"Case Management ","Hospital days authorized to:","Hospital days authorized to:"
1116,15,"Social Work","House Officer:","House Officer:"
611,9,"Nutrition","Ht:","HEIGHT"
502,6,"General","I would add the following remarks:","I would add the following remarks:"
865,11,"Physician ","I would add the following remarks:","I would add the following remarks:"
200,3,"Discharge summary","I:","I:"
616,9,"Nutrition","IBW:","IDEAL BODY WEIGHT"
849,11,"Physician ","ICP:","ICP:"
848,11,"Physician ","ICU CARE:","ICU CARE:"
837,11,"Physician ","ICU Consent:","ICU Consent:"
263,3,"Discharge summary","ID:","INFECTIOUS DISEASE"
773,11,"Physician ","ID:","INFECTIOUS DISEASE"
199,3,"Discharge summary","II:","CRANIAL NERVES"
864,11,"Physician ","IMAGING:","IMAGING:"
210,3,"Discharge summary","IMAGING:","IMAGING:"
354,3,"Discharge summary","IMMUNIZATIONS RECEIVED:","IMMUNIZATIONS RECEIVED:"
327,3,"Discharge summary","IMMUNIZATIONS RECOMMENDED:","IMMUNIZATIONS RECOMMENDED:"
879,12,"Radiology","IMPRESSION:","IMPRESSION:"
77,2,"Consult","IMPRESSION:","IMPRESSION:"
379,5,"Echo","IMPRESSION:","IMPRESSION:"
796,11,"Physician ","IMPRESSION:","IMPRESSION:"
100,3,"Discharge summary","IMPRESSION:","IMPRESSION:"
176,3,"Discharge summary","INDICATION:","INDICATION:"
880,12,"Radiology","INDICATION:","INDICATION:"
899,12,"Radiology","INDICATIONS:","INDICATIONS:"
315,3,"Discharge summary","INTERPRETATION:","INTERPRETATION:"
903,12,"Radiology","INTERPRETATION:","INTERPRETATION:"
358,5,"Echo","INTERPRETATION:","INTERPRETATION:"
698,11,"Physician ","IV Fluid:","FLUID / ELETROLYTES / NUTRITION"
453,6,"General","IV Fluid:","FLUID / ELETROLYTES / NUTRITION"
435,6,"General","IVF:","FLUID / ELETROLYTES / NUTRITION"
7,2,"Consult","IVF:","FLUID / ELETROLYTES / NUTRITION"
666,11,"Physician ","IVF:","FLUID / ELETROLYTES / NUTRITION"
1057,14,"Respiratory ","Ideal body weight:","IDEAL BODY WEIGHT"
1058,14,"Respiratory ","Ideal tidal volume:","Ideal tidal volume:"
1145,1,"Case Management ","If VNA services needed can use:","If VNA services needed can use:"
427,6,"General","Imaging:","Imaging:"
69,2,"Consult","Imaging:","Imaging:"
186,3,"Discharge summary","Imaging:","Imaging:"
687,11,"Physician ","Imaging:","Imaging:"
246,3,"Discharge summary","Impression:","Impression:"
383,5,"Echo","Impression:","Impression:"
251,3,"Discharge summary","Incisions:","Incisions:"
267,3,"Discharge summary","Indication:","Indication:"
362,5,"Echo","Indication:","Indication:"
712,11,"Physician ","Infectious Disease:","INFECTIOUS DISEASE"
460,6,"General","Infectious Disease:","INFECTIOUS DISEASE"
308,3,"Discharge summary","Infectious disease:","INFECTIOUS DISEASE"
650,11,"Physician ","Infusions:","Infusions:"
414,6,"General","Infusions:","Infusions:"
15,2,"Consult","Infusions:","Infusions:"
1124,1,"Case Management ","Insurance reviewer:","Insurance reviewer:"
929,13,"Rehab Services","Integumentary / Vascular:","PERIPHERAL VASCULAR / EXTREMITIES"
1003,13,"Rehab Services","Integumentary:","Integumentary:"
940,13,"Rehab Services","Intervention:","Intervention:"
1072,14,"Respiratory ","Invasive ventilation assessment:","Invasive ventilation assessment:"
554,7,"Nursing","Jewelry:","Jewelry:"
1070,14,"Respiratory ","Known difficult intubation:","Known difficult intubation:"
64,2,"Consult","LABORATORY DATA:","LABORATORY DATA"
167,3,"Discharge summary","LABORATORY DATA:","LABORATORY DATA"
314,3,"Discharge summary","LABORATORY:","LABORATORY DATA"
775,11,"Physician ","LDH:","FALSE"
996,13,"Rehab Services","LE Bathing:","LE Bathing:"
987,13,"Rehab Services","LE Dressing:","LE Dressing:"
239,3,"Discharge summary","LEFT ATRIUM:","LEFT ATRIUM:"
374,5,"Echo","LEFT ATRIUM:","LEFT ATRIUM:"
218,3,"Discharge summary","LEFT VENTRICLE:","LEFT VENTRICLE:"
367,5,"Echo","LEFT VENTRICLE:","LEFT VENTRICLE:"
1052,14,"Respiratory ","LLL Lung Sounds:","RESPIRATORY / CHEST"
1050,14,"Respiratory ","LUL Lung Sounds:","RESPIRATORY / CHEST"
490,6,"General","LUNGS:","RESPIRATORY / CHEST"
771,11,"Physician ","LUNGS:","RESPIRATORY / CHEST"
150,3,"Discharge summary","LUNGS:","RESPIRATORY / CHEST"
380,5,"Echo","LV WALL MOTION:","LV WALL MOTION:"
247,3,"Discharge summary","Labs:","LABORATORY DATA"
477,6,"General","Labs:","LABORATORY DATA"
931,13,"Rehab Services","Labs:","LABORATORY DATA"
578,9,"Nutrition","Labs:","LABORATORY DATA"
788,11,"Physician ","Lactic Acid:","FALSE"
265,3,"Discharge summary","Language:","Language:"
330,3,"Discharge summary","Last Dental Exam:","Last Dental Exam:"
6,2,"Consult","Last dose of Antibiotics:","Last dose of Antibiotics:"
649,11,"Physician ","Last dose of Antibiotics:","Last dose of Antibiotics:"
399,6,"General","Last dose of Antibiotics:","Last dose of Antibiotics:"
466,6,"General","Left Extremities:","PERIPHERAL VASCULAR / EXTREMITIES"
707,11,"Physician ","Left Extremities:","PERIPHERAL VASCULAR / EXTREMITIES"
839,11,"Physician ","Left:","Left:"
193,3,"Discharge summary","Left:","Left:"
1094,15,"Social Work","Legal involvement:","Legal involvement:"
118,3,"Discharge summary","Level of Consciousness:","Level of Consciousness:"
1059,14,"Respiratory ","Level of breathing assistance:","Level of breathing assistance:"
1031,13,"Rehab Services","Limiting Symptoms:","Limiting Symptoms:"
805,11,"Physician ","Lines / Intubation:","LINES / TUBES / DRAINS"
458,6,"General","Lines / Tubes / Drains:","LINES / TUBES / DRAINS"
714,11,"Physician ","Lines / Tubes / Drains:","LINES / TUBES / DRAINS"
661,11,"Physician ","Lines:","LINES / TUBES / DRAINS"
420,6,"General","Lines:","LINES / TUBES / DRAINS"
784,11,"Physician ","Lipase:","FALSE"
259,3,"Discharge summary","Lives with:","Lives with:"
944,13,"Rehab Services","Living Environment:","Living Environment:"
174,3,"Discharge summary","Location:","Location:"
345,3,"Discharge summary","Lung:","RESPIRATORY / CHEST"
744,11,"Physician ","Lungs:","RESPIRATORY / CHEST"
115,3,"Discharge summary","Lungs:","RESPIRATORY / CHEST"
480,6,"General","Lungs:","RESPIRATORY / CHEST"
727,11,"Physician ","Lymph:","FALSE"
521,6,"General","Lymph:","FALSE"
756,11,"Physician ","Lymphatic:","Lymphatic:"
348,3,"Discharge summary","MEDICATIONS AT HOME:","MEDICATIONS ON ADMISSION"
156,3,"Discharge summary","MEDICATIONS ON ADMISSION:","MEDICATIONS ON ADMISSION"
183,3,"Discharge summary","MEDICATIONS ON DISCHARGE:","MEDICATIONS ON DISCHARGE"
341,3,"Discharge summary","MEDICATIONS ON TRANSFER:","MEDICATIONS ON TRANSFER:"
161,3,"Discharge summary","MEDICATIONS:","MEDICATIONS"
294,3,"Discharge summary","MICRO:","MICROBIOLOGY"
861,11,"Physician ","MICRO:","MICROBIOLOGY"
309,3,"Discharge summary","MICROBIOLOGY:","MICROBIOLOGY"
368,5,"Echo","MITRAL VALVE:","MITRAL VALVE:"
214,3,"Discharge summary","MITRAL VALVE:","MITRAL VALVE:"
87,3,"Discharge summary","Major Surgical or Invasive Procedure:","Major Surgical or Invasive Procedure:"
1097,15,"Social Work","Mandated Reporting Information:","Mandated Reporting Information:"
1076,14,"Respiratory ","Manufacturer:","Manufacturer:"
1128,1,"Case Management ","Medicaid application:","Medicaid application:"
930,13,"Rehab Services","Medical Diagnosis / ICD 9:","Medical Diagnosis / ICD 9:"
97,3,"Discharge summary","Medications on Admission:","MEDICATIONS ON ADMISSION"
271,3,"Discharge summary","Medications:","MEDICATIONS"
921,13,"Rehab Services","Medications:","MEDICATIONS"
626,9,"Nutrition","Meds:","MEDICATIONS"
117,3,"Discharge summary","Mental Status:","NEUROLOGIC STATUS"
187,3,"Discharge summary","Mental status:","NEUROLOGIC STATUS"
840,11,"Physician ","Mg:","FALSE"
831,11,"Physician ","Micro:","MICROBIOLOGY"
273,3,"Discharge summary","Micro:","MICROBIOLOGY"
303,3,"Discharge summary","Microbiology:","MICROBIOLOGY"
486,6,"General","Microbiology:","MICROBIOLOGY"
717,11,"Physician ","Microbiology:","MICROBIOLOGY"
914,13,"Rehab Services","Minutes:","Minutes:"
1028,13,"Rehab Services","Money Management:","Money Management:"
750,11,"Physician ","Mono:","FALSE"
1005,13,"Rehab Services","Motor Control:","Motor Control:"
936,13,"Rehab Services","Motor Function:","Motor Function:"
171,3,"Discharge summary","Motor:","Motor:"
835,11,"Physician ","Movement:","Movement:"
591,9,"Nutrition","Multivitamin / Mineral supplement:","Multivitamin / Mineral supplement:"
965,13,"Rehab Services","Muscle Performance:","Muscle Performance:"
74,2,"Consult","Musculoskeletal:","Musculoskeletal:"
737,11,"Physician ","Musculoskeletal:","Musculoskeletal:"
339,3,"Discharge summary","N:","N:"
289,3,"Discharge summary","NAME OF PRIMARY PEDIATRICIAN:","NAME OF PRIMARY PEDIATRICIAN:"
516,6,"General","NECK:","NECK:"
782,11,"Physician ","NECK:","NECK:"
145,3,"Discharge summary","NECK:","NECK:"
501,6,"General","NEURO:","NEUROLOGIC STATUS"
764,11,"Physician ","NEURO:","NEUROLOGIC STATUS"
141,3,"Discharge summary","NEURO:","NEUROLOGIC STATUS"
404,6,"General","NG:","NG:"
642,11,"Physician ","NG:","NG:"
12,2,"Consult","NG:","NG:"
179,3,"Discharge summary","Name:","Name:"
1139,1,"Case Management ","Narrative / Plan:","Narrative / Plan:"
194,3,"Discharge summary","Nebulization Sig:","Nebulization Sig:"
108,3,"Discharge summary","Neck:","Neck:"
519,6,"General","Neck:","Neck:"
762,11,"Physician ","Neck:","Neck:"
817,11,"Physician ","Neuro checks Q:","Neuro checks Q:"
109,3,"Discharge summary","Neuro:","NEUROLOGIC STATUS"
761,11,"Physician ","Neuro:","NEUROLOGIC STATUS"
566,7,"Nursing","Neuro:","NEUROLOGIC STATUS"
512,6,"General","Neuro:","NEUROLOGIC STATUS"
663,11,"Physician ","Neurologic:","NEUROLOGIC STATUS"
388,6,"General","Neurologic:","NEUROLOGIC STATUS"
197,3,"Discharge summary","Neurologic:","NEUROLOGIC STATUS"
29,2,"Consult","Neurologic:","NEUROLOGIC STATUS"
302,3,"Discharge summary","Neurology:","Neurology:"
-1,0,"General","No particular Section","No particular Section"
988,13,"Rehab Services","Nsg recs:","Nsg recs:"
386,6,"General","Nutrition:","FLUID / ELETROLYTES / NUTRITION"
790,11,"Physician ","Nutritional Support:","FLUID / ELETROLYTES / NUTRITION"
415,6,"General","O2 Delivery Device:","O2 Delivery Device:"
20,2,"Consult","O2 Delivery Device:","O2 Delivery Device:"
662,11,"Physician ","O2 Delivery Device:","O2 Delivery Device:"
538,7,"Nursing","O2 delivery device:","O2 delivery device:"
542,7,"Nursing","O2 flow:","O2 flow:"
537,7,"Nursing","O2 saturation:","O2 saturation:"
288,3,"Discharge summary","O:","FALSE"
958,13,"Rehab Services","ORAL MOTOR EXAM:","ORAL MOTOR EXAM:"
905,12,"Radiology","OSSEOUS STRUCTURES:","OSSEOUS STRUCTURES:"
947,13,"Rehab Services","Objective:","Objective:"
739,11,"Physician ","Occupation:","OCCUPATION"
49,2,"Consult","Occupation:","OCCUPATION"
228,3,"Discharge summary","Occupation:","OCCUPATION"
1023,13,"Rehab Services","Occupational Profile:","Occupational Profile:"
268,3,"Discharge summary","On Admission:","On Admission:"
297,3,"Discharge summary","On Discharge:","On Discharge:"
262,3,"Discharge summary","On admission:","On admission:"
318,3,"Discharge summary","On discharge:","On discharge:"
614,9,"Nutrition","Oral supplements:","Oral supplements:"
803,11,"Physician ","Order date:","Order date:"
250,3,"Discharge summary","Orientation:","Orientation:"
410,6,"General","Other ICU medications:","Other ICU medications:"
648,11,"Physician ","Other ICU medications:","Other ICU medications:"
22,2,"Consult","Other ICU medications:","Other ICU medications:"
412,6,"General","Other labs:","OTHER LABS"
939,13,"Rehab Services","Other labs:","OTHER LABS"
660,11,"Physician ","Other labs:","OTHER LABS"
21,2,"Consult","Other labs:","OTHER LABS"
426,6,"General","Other medications:","Other medications:"
25,2,"Consult","Other medications:","Other medications:"
654,11,"Physician ","Other medications:","Other medications:"
563,7,"Nursing","Other valuables:","Other valuables:"
1114,15,"Social Work","Other:","Other:"
917,13,"Rehab Services","Other:","Other:"
735,11,"Physician ","Other:","Other:"
52,2,"Consult","Other:","Other:"
598,9,"Nutrition","Other:","Other:"
798,11,"Physician ","PAP:","PAP:"
496,6,"General","PAP:","PAP:"
66,2,"Consult","PAST MEDICAL HISTORY:","PAST MEDICAL HISTORY"
121,3,"Discharge summary","PAST MEDICAL HISTORY:","PAST MEDICAL HISTORY"
1041,13,"Rehab Services","PAST MEDICAL HISTORY:","PAST MEDICAL HISTORY"
511,6,"General","PAST MEDICAL HISTORY:","PAST MEDICAL HISTORY"
184,3,"Discharge summary","PAST SURGICAL HISTORY:","PAST SURGICAL HISTORY"
350,3,"Discharge summary","PCP:","PCP:"
475,6,"General","PE:","PE:"
253,3,"Discharge summary","PE:","PE:"
444,6,"General","PEEP:","PEEP:"
34,2,"Consult","PEEP:","PEEP:"
681,11,"Physician ","PEEP:","PEEP:"
371,5,"Echo","PERICARDIUM:","PERICARDIUM:"
243,3,"Discharge summary","PERICARDIUM:","PERICARDIUM:"
891,12,"Radiology","PFI:","PFI:"
270,3,"Discharge summary","PHYSICAL EXAM:","PHYSICAL EXAMINATION"
238,3,"Discharge summary","PHYSICAL EXAMINATION ON ADMISSION:","PHYSICAL EXAMINATION"
255,3,"Discharge summary","PHYSICAL EXAMINATION ON PRESENTATION:","PHYSICAL EXAMINATION"
132,3,"Discharge summary","PHYSICAL EXAMINATION:","PHYSICAL EXAMINATION"
446,6,"General","PIP:","PIP:"
35,2,"Consult","PIP:","PIP:"
683,11,"Physician ","PIP:","PIP:"
872,11,"Physician ","PLAN:","PLAN:"
1106,15,"Social Work","PLAN:","PLAN:"
592,9,"Nutrition","PMH :","PAST MEDICAL HISTORY"
966,13,"Rehab Services","PMH:","PAST MEDICAL HISTORY"
173,3,"Discharge summary","PMH:","PAST MEDICAL HISTORY"
476,6,"General","PMH:","PAST MEDICAL HISTORY"
628,9,"Nutrition","PMH:","PAST MEDICAL HISTORY"
526,7,"Nursing","PMH:","PAST MEDICAL HISTORY"
755,11,"Physician ","PMH:","PAST MEDICAL HISTORY"
1036,13,"Rehab Services","PMHx:","PAST MEDICAL HISTORY"
593,9,"Nutrition","PMHx:","PAST MEDICAL HISTORY"
471,6,"General","PMHx:","PAST MEDICAL HISTORY"
703,11,"Physician ","PMHx:","PAST MEDICAL HISTORY"
567,7,"Nursing","PMHx:","PAST MEDICAL HISTORY"
1033,13,"Rehab Services","PMV TOLERANCE / VOCAL QUALITY / O2 SATS:","PMV TOLERANCE / VOCAL QUALITY / O2 SATS:"
1082,14,"Respiratory ","PMV:","PMV:"
67,2,"Consult","PO4:","FALSE"
753,11,"Physician ","PO4:","FALSE"
639,11,"Physician ","PO:","PO:"
406,6,"General","PO:","PO:"
11,2,"Consult","PO:","PO:"
844,11,"Physician ","PPX:","PROPHYLAXIS"
874,11,"Physician ","PPx:","PROPHYLAXIS"
278,3,"Discharge summary","PRIMARY PEDIATRICIAN:","PRIMARY PEDIATRICIAN:"
896,12,"Radiology","PROCEDURE:","PROCEDURE:"
786,11,"Physician ","PROPHYLAXIS:","PROPHYLAXIS"
690,11,"Physician ","PS :","PS :"
478,6,"General","PS :","PS :"
768,11,"Physician ","PSH:","PAST SURGICAL HISTORY"
1044,13,"Rehab Services","PSH:","PAST SURGICAL HISTORY"
211,3,"Discharge summary","PSH:","PAST SURGICAL HISTORY"
577,7,"Nursing","PSH:","PAST SURGICAL HISTORY"
324,3,"Discharge summary","PSYCH:","PSYCH:"
873,11,"Physician ","PT / PTT / INR:","PT / PTT / INR:"
298,3,"Discharge summary","PT:","FALSE"
202,3,"Discharge summary","PULM:","RESPIRATORY / CHEST"
774,11,"Physician ","PULM:","RESPIRATORY / CHEST"
377,5,"Echo","PULMONIC VALVE/PULMONARY ARTERY:","PULMONIC VALVE/PULMONARY ARTERY:"
241,3,"Discharge summary","PULMONIC VALVE/PULMONARY ARTERY:","PULMONIC VALVE/PULMONARY ARTERY:"
828,11,"Physician ","PULSES:","PULSES:"
221,3,"Discharge summary","PULSES:","PULSES:"
689,11,"Physician ","PaO2 / FiO2:","PaO2 / FiO2:"
43,2,"Consult","PaO2 / FiO2:","PaO2 / FiO2:"
459,6,"General","PaO2 / FiO2:","PaO2 / FiO2:"
1138,1,"Case Management ","Pager:","Pager:"
938,13,"Rehab Services","Pain / Limiting Symptoms:","PAIN / LIMITING SYMPTOMS"
745,11,"Physician ","Pain:","PAIN / LIMITING SYMPTOMS"
1049,13,"Rehab Services","Pain:","PAIN / LIMITING SYMPTOMS"
920,13,"Rehab Services","Past Medical / Surgical History:","Past Medical / Surgical History:"
85,3,"Discharge summary","Past Medical History:","PAST MEDICAL HISTORY"
1042,13,"Rehab Services","Past Medical History:","PAST MEDICAL HISTORY"
277,3,"Discharge summary","Past Surgical History:","PAST SURGICAL HISTORY"
1090,15,"Social Work","Past addictions history:","Past addictions history:"
48,2,"Consult","Past medical history:","PAST MEDICAL HISTORY"
726,11,"Physician ","Past medical history:","PAST MEDICAL HISTORY"
1089,15,"Social Work","Past psychiatric history:","Past psychiatric history:"
1095,15,"Social Work","Patient / Family Assessment:","Patient / Family Assessment:"
1107,15,"Social Work","Patient / Family HX:","Patient / Family HX:"
1026,13,"Rehab Services","Patient Education:","Patient Education:"
1039,13,"Rehab Services","Patient Goals:","Patient Goals:"
1092,15,"Social Work","Patient Information:","Patient Information:"
60,2,"Consult","Patient admitted from:","Patient admitted from:"
763,11,"Physician ","Patient admitted from:","Patient admitted from:"
595,9,"Nutrition","Patient at risk due to:","Patient at risk due to:"
1122,1,"Case Management ","Patient discussed with multidisciplinary team:","Patient discussed with multidisciplinary team:"
1151,1,"Case Management ","Patient on Vent:","Patient on Vent:"
765,11,"Physician ","Patient unable to provide history:","Patient unable to provide history:"
59,2,"Consult","Patient unable to provide history:","Patient unable to provide history:"
550,7,"Nursing","Patient valuables:","Patient valuables:"
1148,1,"Case Management ","Patient/Family/Team understand and agree with plan:","Patient/Family/Team understand and agree with plan:"
1015,13,"Rehab Services","Performance Patterns:","Performance Patterns:"
31,2,"Consult","Peripheral Vascular:","PERIPHERAL VASCULAR / EXTREMITIES"
481,6,"General","Peripheral Vascular:","PERIPHERAL VASCULAR / EXTREMITIES"
685,11,"Physician ","Peripheral Vascular:","PERIPHERAL VASCULAR / EXTREMITIES"
845,11,"Physician ","Peripheral line:","Peripheral line:"
551,7,"Nursing","Pertinent Lab Results:","Pertinent Lab Results:"
95,3,"Discharge summary","Pertinent Results:","Pertinent Results:"
580,9,"Nutrition","Pertinent medications:","Pertinent medications:"
149,3,"Discharge summary","Phone:","Phone:"
1132,1,"Case Management ","Phone:","Phone:"
92,3,"Discharge summary","Physical Exam:","PHYSICAL EXAMINATION"
1099,15,"Social Work","Plan / Follow up:","FOLLOW UP INSTRUCTIONS"
1140,1,"Case Management ","Plan:","Plan:"
952,13,"Rehab Services","Plan:","Plan:"
822,11,"Physician ","Plan:","Plan:"
385,6,"General","Plan:","Plan:"
1103,15,"Social Work","Plan:","Plan:"
482,6,"General","Plateau:","Plateau:"
44,2,"Consult","Plateau:","Plateau:"
694,11,"Physician ","Plateau:","Plateau:"
1010,13,"Rehab Services","Platelet Count:","Platelet Count:"
1068,14,"Respiratory ","Position:","Position:"
483,6,"General","Post operative day:","Post operative day:"
729,11,"Physician ","Post operative day:","Post operative day:"
935,13,"Rehab Services","Posture:","Posture:"
556,7,"Nursing","Potassium:","Potassium:"
528,7,"Nursing","Precautions:","Precautions:"
1087,15,"Social Work","Previous level of functioning:","Previous level of functioning:"
1086,15,"Social Work","Previous living situation:","Previous living situation:"
232,3,"Discharge summary","Primary Diagnosis:","Primary Diagnosis:"
1101,15,"Social Work","Primary Nurse:","Primary Nurse:"
307,3,"Discharge summary","Primary diagnosis:","Primary diagnosis:"
1137,1,"Case Management ","Primary insurance / reviewer:","Primary insurance / reviewer:"
1127,1,"Case Management ","Primary insurance:","Primary insurance:"
154,3,"Discharge summary","Primary:","Primary:"
937,13,"Rehab Services","Prior Functional Status / Activity Level:","Prior Functional Status / Activity Level:"
495,6,"General","Problems:","Problems:"
1074,14,"Respiratory ","Procedure location:","Procedure location:"
1006,13,"Rehab Services","Process Skills:","Process Skills:"
634,11,"Physician ","Prophylaxis:","PROPHYLAXIS"
411,6,"General","Prophylaxis:","PROPHYLAXIS"
584,9,"Nutrition","Protein:","Protein:"
110,3,"Discharge summary","Provider:","Provider:"
799,11,"Physician ","Psychiatric / Sleep:","Psychiatric / Sleep:"
332,3,"Discharge summary","Psychosocial:","Psychosocial:"
590,9,"Nutrition","Pt at risk due to:","Pt at risk due to:"
1043,13,"Rehab Services","Pulm:","RESPIRATORY / CHEST"
178,3,"Discharge summary","Pulm:","RESPIRATORY / CHEST"
795,11,"Physician ","Pulm:","RESPIRATORY / CHEST"
925,13,"Rehab Services","Pulmonary Status:","RESPIRATORY / CHEST"
201,3,"Discharge summary","Pulmonary:","RESPIRATORY / CHEST"
705,11,"Physician ","Pulmonary:","RESPIRATORY / CHEST"
452,6,"General","Pulmonary:","RESPIRATORY / CHEST"
226,3,"Discharge summary","Pulse:","Pulse:"
168,3,"Discharge summary","Pulses:","Pulses:"
904,12,"Radiology","RADIOLOGISTS:","RADIOLOGISTS:"
894,12,"Radiology","REASON FOR EXAM:","REASON FOR EXAM:"
893,12,"Radiology","REASON FOR EXAMINATION:","REASON FOR EXAMINATION:"
162,3,"Discharge summary","REASON FOR THIS EXAMINATION:","REASON FOR THIS EXAMINATION:"
877,12,"Radiology","REASON FOR THIS EXAMINATION:","REASON FOR THIS EXAMINATION:"
953,13,"Rehab Services","RECOMMENDATIONS:","RECOMMENDATIONS"
816,11,"Physician ","RENAL:","RENAL:"
235,3,"Discharge summary","RESP:","RESPIRATORY / CHEST"
242,3,"Discharge summary","REVIEW OF SYSTEMS:","REVIEW OF SYSTEMS:"
376,5,"Echo","RIGHT ATRIUM/INTERATRIAL SEPTUM:","RIGHT ATRIUM/INTERATRIAL SEPTUM:"
230,3,"Discharge summary","RIGHT ATRIUM/INTERATRIAL SEPTUM:","RIGHT ATRIUM/INTERATRIAL SEPTUM:"
219,3,"Discharge summary","RIGHT VENTRICLE:","RIGHT VENTRICLE:"
370,5,"Echo","RIGHT VENTRICLE:","RIGHT VENTRICLE:"
1053,14,"Respiratory ","RLL Lung Sounds:","RESPIRATORY / CHEST"
968,13,"Rehab Services","RN Recommendations:","RECOMMENDATIONS"
185,3,"Discharge summary","ROS:","ROS:"
647,11,"Physician ","RR:","RR:"
394,6,"General","RR:","RR:"
16,2,"Consult","RR:","RR:"
722,11,"Physician ","RSBI Deferred:","RSBI Deferred:"
68,2,"Consult","RSBI Deferred:","RSBI Deferred:"
520,6,"General","RSBI Deferred:","RSBI Deferred:"
711,11,"Physician ","RSBI:","RSBI:"
497,6,"General","RSBI:","RSBI:"
1051,14,"Respiratory ","RUL Lung Sounds:","RESPIRATORY / CHEST"
342,3,"Discharge summary","Race:","Race:"
216,3,"Discharge summary","Radial       Right:","Radial       Right:"
922,13,"Rehab Services","Radiology:","Radiology:"
1012,13,"Rehab Services","Range of Motion:","Range of Motion:"
976,13,"Rehab Services","Reason for Referral:","Reason for Referral:"
1061,14,"Respiratory ","Reason for continuing current ventilatory support:","Reason for continuing current ventilatory support:"
942,13,"Rehab Services","Reason of referral:","Reason of referral:"
157,3,"Discharge summary","Reason:","Reason:"
1075,14,"Respiratory ","Reason:","Reason:"
632,10,"Pharmacy","Recommendation:","RECOMMENDATIONS"
1017,13,"Rehab Services","Recommendations for Nursing:","RECOMMENDATIONS"
71,2,"Consult","Recommendations:","RECOMMENDATIONS"
347,3,"Discharge summary","Recommendations:","RECOMMENDATIONS"
621,9,"Nutrition","Recommendations:","RECOMMENDATIONS"
1001,13,"Rehab Services","Recovery BP:","Recovery BP:"
1009,13,"Rehab Services","Recovery HR:","Recovery HR:"
1020,13,"Rehab Services","Recovery O2 sat:","Recovery O2 sat:"
1038,13,"Rehab Services","Recovery RR:","Recovery RR:"
322,3,"Discharge summary","Rectal:","Rectal:"
983,13,"Rehab Services","Referral Date:","Referral Date:"
941,13,"Rehab Services","Referral date:","Referral date:"
1120,1,"Case Management ","Referrals Recommended:","Referrals Recommended:"
1133,1,"Case Management ","Referrals:","Referrals:"
335,3,"Discharge summary","Refills:","Refills:"
231,3,"Discharge summary","Reflexes:","Reflexes:"
451,6,"General","Renal:","Renal:"
702,11,"Physician ","Renal:","Renal:"
1147,1,"Case Management ","Required documentation:","Required documentation:"
602,9,"Nutrition","Residual Check:","Residual Check:"
850,11,"Physician ","Resp:","RESPIRATORY / CHEST"
571,7,"Nursing","Resp:","RESPIRATORY / CHEST"
217,3,"Discharge summary","Resp:","RESPIRATORY / CHEST"
432,6,"General","Respiratory / Chest:","RESPIRATORY / CHEST"
676,11,"Physician ","Respiratory / Chest:","RESPIRATORY / CHEST"
38,2,"Consult","Respiratory / Chest:","RESPIRATORY / CHEST"
1084,14,"Respiratory ","Respiratory Care:","Respiratory Care:"
541,7,"Nursing","Respiratory rate:","Respiratory rate:"
286,3,"Discharge summary","Respiratory:","RESPIRATORY / CHEST"
749,11,"Physician ","Respiratory:","RESPIRATORY / CHEST"
1142,1,"Case Management ","Response:","Response:"
396,6,"General","Response:","Response:"
984,13,"Rehab Services","Rest BP:","Rest BP:"
985,13,"Rehab Services","Rest HR:","Rest HR:"
993,13,"Rehab Services","Rest O2 sat:","Rest O2 sat:"
1019,13,"Rehab Services","Rest RR:","Rest RR:"
24,2,"Consult","Review of systems:","Review of systems:"
670,11,"Physician ","Review of systems:","Review of systems:"
439,6,"General","Review of systems:","Review of systems:"
209,3,"Discharge summary","Review of systems:","Review of systems:"
836,11,"Physician ","Rhonchorous :","Rhonchorous :"
852,11,"Physician ","Rhonchorous:","Rhonchorous:"
708,11,"Physician ","Right Extremities:","PERIPHERAL VASCULAR / EXTREMITIES"
467,6,"General","Right Extremities:","PERIPHERAL VASCULAR / EXTREMITIES"
191,3,"Discharge summary","Right:","Right:"
838,11,"Physician ","Right:","Right:"
908,13,"Rehab Services","Rolling:","Rolling:"
1065,14,"Respiratory ","Route:","Route:"
525,7,"Nursing","S:","S:"
1030,13,"Rehab Services","SECRETIONS / ABILITY TO HANDLE CUFF DEFLATION:","SECRETIONS / ABILITY TO HANDLE CUFF DEFLATION:"
181,3,"Discharge summary","SENSITIVITIES:","SENSITIVITIES:"
494,6,"General","SKIN:","SKIN:"
147,3,"Discharge summary","SKIN:","SKIN:"
777,11,"Physician ","SKIN:","SKIN:"
624,9,"Nutrition","SKIN:","SKIN:"
137,3,"Discharge summary","SOCIAL HISTORY:","SOCIAL HISTORY:"
684,11,"Physician ","SPO2:","SPO2:"
425,6,"General","SPO2:","SPO2:"
300,3,"Discharge summary","STUDIES:","STUDIES:"
890,12,"Radiology","STUDY:","STUDY:"
961,13,"Rehab Services","SUMMARY / IMPRESSION:","SUMMARY / IMPRESSION:"
338,3,"Discharge summary","SUMMARY OF HOSPITAL COURSE BY SYSTEMS:","HOSPITAL COURSE"
980,13,"Rehab Services","SUMMARY:","SUMMARY:"
867,11,"Physician ","SV:","SV:"
869,11,"Physician ","SVI:","SVI:"
866,11,"Physician ","SVR:","SVR:"
959,13,"Rehab Services","SWALLOWING ASSESSMENT:","SWALLOWING ASSESSMENT"
316,3,"Discharge summary","Secondary Diagnoses:","SECONDARY DIAGNOSIS"
281,3,"Discharge summary","Secondary Diagnosis:","SECONDARY DIAGNOSIS"
351,3,"Discharge summary","Secondary diagnosis:","SECONDARY DIAGNOSIS"
1126,1,"Case Management ","Secondary insurance:","Secondary insurance:"
159,3,"Discharge summary","Secondary:","Secondary:"
957,13,"Rehab Services","Secretions:","Secretions:"
1002,13,"Rehab Services","Self Feeding:","Self Feeding:"
198,3,"Discharge summary","Sensation:","Sensation:"
1000,13,"Rehab Services","Sensation:","Sensation:"
933,13,"Rehab Services","Sensory Integrity:","Sensory Integrity:"
279,3,"Discharge summary","Sensory:","Sensory:"
80,3,"Discharge summary","Service:","Service:"
287,3,"Discharge summary","Sex:","Sex:"
912,13,"Rehab Services","Sidelying to Sit:","Sidelying to Sit:"
140,3,"Discharge summary","Sig:","Sig:"
823,11,"Physician ","Signs or concerns for abuse :","Signs or concerns for abuse :"
909,13,"Rehab Services","Sit to Stand:","Sit to Stand:"
1154,1,"Case Management ","Skilled nursing facility:","Skilled nursing facility:"
431,6,"General","Skin:","Skin:"
30,2,"Consult","Skin:","Skin:"
674,11,"Physician ","Skin:","Skin:"
613,9,"Nutrition","Skin:","Skin:"
134,3,"Discharge summary","Skin:","Skin:"
841,11,"Physician ","Sliding Scale Order date:","Sliding Scale Order date:"
934,13,"Rehab Services","Social / Occupational History:","Social / Occupational History:"
730,11,"Physician ","Social History:","Social History:"
93,3,"Discharge summary","Social History:","Social History:"
47,2,"Consult","Social history:","Social history:"
575,7,"Nursing","Social:","Social:"
559,7,"Nursing","Sodium:","Sodium:"
236,3,"Discharge summary","Source:","Source:"
389,6,"General","SpO2:","SpO2:"
306,3,"Discharge summary","Specialty:","Specialty:"
582,9,"Nutrition","Specifics:","Specifics:"
971,13,"Rehab Services","Specify:","Specify:"
1055,14,"Respiratory ","Sputum color / consistency:","Sputum color / consistency:"
1054,14,"Respiratory ","Sputum source/amount:","Sputum source/amount:"
916,13,"Rehab Services","Stairs:","Stairs:"
1004,13,"Rehab Services","Standing:","Standing:"
601,9,"Nutrition","Starting rate:","Starting rate:"
359,5,"Echo","Status:","Status:"
1130,1,"Case Management ","Status:","Status:"
405,6,"General","Stool:","Stool:"
641,11,"Physician ","Stool:","Stool:"
8,2,"Consult","Stool:","Stool:"
417,6,"General","Stress ulcer:","Stress ulcer:"
655,11,"Physician ","Stress ulcer:","Stress ulcer:"
344,3,"Discharge summary","Studies:","Studies:"
967,13,"Rehab Services","Supplemental O2:","Supplemental O2:"
249,3,"Discharge summary","Surgeon:","Surgeon:"
549,7,"Nursing","Surgery / Procedure and date:","Surgery / Procedure and date:"
834,11,"Physician ","SvO2:","SvO2:"
813,11,"Physician ","T Bili:","FALSE"
876,11,"Physician ","T bili:","FALSE"
700,11,"Physician ","T current:","T current:"
470,6,"General","T current:","T current:"
517,6,"General","T:","T:"
104,3,"Discharge summary","T:","T:"
752,11,"Physician ","T:","T:"
884,12,"Radiology","TECHNIQUE:","TECHNIQUE:"
195,3,"Discharge summary","TECHNIQUE:","TECHNIQUE:"
13,2,"Consult","TF:","TF:"
668,11,"Physician ","TF:","TF:"
609,9,"Nutrition","TF:","TF:"
436,6,"General","TF:","TF:"
797,11,"Physician ","TLD:","TLD:"
618,9,"Nutrition","TPN recommendations:","RECOMMENDATIONS"
617,9,"Nutrition","TPN:","TPN:"
1024,13,"Rehab Services","TRACH TYPE:","TRACH TYPE:"
317,3,"Discharge summary","TRANSITIONAL ISSUES:","TRANSITIONAL ISSUES:"
224,3,"Discharge summary","TRICUSPID VALVE:","TRICUSPID VALVE:"
372,5,"Echo","TRICUSPID VALVE:","TRICUSPID VALVE:"
334,3,"Discharge summary","Tablet Refills:","Tablet Refills:"
434,6,"General","Tcurrent:","Tcurrent:"
28,2,"Consult","Tcurrent:","Tcurrent:"
669,11,"Physician ","Tcurrent:","Tcurrent:"
986,13,"Rehab Services","Team Communication:","Team Communication:"
364,5,"Echo","Technical Quality:","Technical Quality:"
960,13,"Rehab Services","Teeth:","Teeth:"
534,7,"Nursing","Temperature:","Temperature:"
305,3,"Discharge summary","Test Type:","Test Type:"
363,5,"Echo","Test:","Test:"
325,3,"Discharge summary","The following changes were made to your medications:","The following changes were made to your medications:"
923,13,"Rehab Services","Time frame:","Time frame:"
964,13,"Rehab Services","Time:","Time:"
418,6,"General","Tmax:","Tmax:"
27,2,"Consult","Tmax:","Tmax:"
652,11,"Physician ","Tmax:","Tmax:"
225,3,"Discharge summary","Tobacco:","Tobacco:"
54,2,"Consult","Tobacco:","Tobacco:"
738,11,"Physician ","Tobacco:","Tobacco:"
998,13,"Rehab Services","Toileting:","Toileting:"
810,11,"Physician ","Tone:","Tone:"
407,6,"General","Total In:","Total In:"
638,11,"Physician ","Total In:","Total In:"
3,2,"Consult","Total In:","Total In:"
973,13,"Rehab Services","Total Time:","Total Time:"
913,13,"Rehab Services","Total distance walked:","Total distance walked:"
637,11,"Physician ","Total out:","Total out:"
402,6,"General","Total out:","Total out:"
10,2,"Consult","Total out:","Total out:"
515,6,"General","Total time spent on patient care:","Total time spent on patient care:"
688,11,"Physician ","Total time spent:","Total time spent:"
384,6,"General","Total time spent:","Total time spent:"
832,11,"Physician ","Total time:","Total time:"
433,6,"General","Total time:","Total time:"
954,13,"Rehab Services","Total time:","Total time:"
1077,14,"Respiratory ","Tracheostomy tube:","Tracheostomy tube:"
907,13,"Rehab Services","Transfer:","Transfer:"
544,7,"Nursing","Transferred from:","Transferred from:"
547,7,"Nursing","Transferred to:","Transferred to:"
1150,1,"Case Management ","Transportation:","Transportation:"
1081,14,"Respiratory ","Transports:","Transports:"
943,13,"Rehab Services","Treatment Plan:","Treatment Plan:"
1067,14,"Respiratory ","Trigger work assessment:","Trigger work assessment:"
604,9,"Nutrition","Tube feed:","Tube feed:"
599,9,"Nutrition","Tube feeding / TPN recommendations:","RECOMMENDATIONS"
597,9,"Nutrition","Tube feeding recommendations:","RECOMMENDATIONS"
697,11,"Physician ","Tube feeding:","Tube feeding:"
615,9,"Nutrition","Tube feeding:","Tube feeding:"
454,6,"General","Tube feeding:","Tube feeding:"
992,13,"Rehab Services","UE Bathing:","UE Bathing:"
991,13,"Rehab Services","UE Dressing:","UE Dressing:"
949,13,"Rehab Services","Updated medical status:","Updated medical status:"
635,11,"Physician ","Urine:","Urine:"
14,2,"Consult","Urine:","Urine:"
397,6,"General","Urine:","Urine:"
336,3,"Discharge summary","V:","V:"
704,11,"Physician ","VAP bundle:","VAP bundle:"
469,6,"General","VAP bundle:","VAP bundle:"
671,11,"Physician ","VAP:","VAP:"
448,6,"General","VAP:","VAP:"
340,3,"Discharge summary","VII:","VII:"
207,3,"Discharge summary","VIII:","VIII:"
1152,1,"Case Management ","VNA / Home infusion:","VNA / Home infusion:"
128,3,"Discharge summary","VS:","VS:"
498,6,"General","VS:","VS:"
875,11,"Physician ","VS:","VS:"
275,3,"Discharge summary","Varicosities:","Varicosities:"
445,6,"General","Ve:","Ve:"
682,11,"Physician ","Ve:","Ve:"
33,2,"Consult","Ve:","Ve:"
680,11,"Physician ","Ventilator mode:","Ventilator mode:"
36,2,"Consult","Ventilator mode:","Ventilator mode:"
442,6,"General","Ventilator mode:","Ventilator mode:"
1060,14,"Respiratory ","Visual assessment of breathing pattern:","Visual assessment of breathing pattern:"
862,11,"Physician ","Vitals:","Vitals:"
135,3,"Discharge summary","Vitals:","Vitals:"
499,6,"General","Vitals:","Vitals:"
1071,14,"Respiratory ","Vol/Press:","Vol/Press:"
1011,13,"Rehab Services","WBC:","WBC:"
886,12,"Radiology","WET READ:","WET READ:"
564,7,"Nursing","Wallet / Money:","Wallet / Money:"
357,3,"Discharge summary","What activities you can and cannot do:","What activities you can and cannot do:"
847,11,"Physician ","Wheezes :","Wheezes :"
124,3,"Discharge summary","When:","When:"
129,3,"Discharge summary","With:","With:"
464,6,"General","Wounds:","Wounds:"
710,11,"Physician ","Wounds:","Wounds:"
600,9,"Nutrition","Wt:","Wt:"
204,3,"Discharge summary","XII:","XII:"
382,5,"Echo","abnormalities are seen:","abnormalities are seen:"
457,6,"General","add the following points:","add the following points:"
833,11,"Physician ","add the following points:","add the following points:"
489,6,"General","bilateral :","bilateral :"
736,11,"Physician ","bilateral :","bilateral :"
806,11,"Physician ","bili:","FALSE"
328,3,"Discharge summary","cc:","cc:"
353,3,"Discharge summary","criteria:","criteria:"
819,11,"Physician ","date:","date:"
295,3,"Discharge summary","day:","day:"
58,2,"Consult","edema:","edema:"
760,11,"Physician ","edema:","edema:"
269,3,"Discharge summary","following:","following:"
758,11,"Physician ","on:","on:"
974,13,"Rehab Services","on:","on:"
1111,15,"Social Work","on:","on:"
1143,1,"Case Management ","on:","on:"
569,7,"Nursing","on:","on:"
619,9,"Nutrition","on:","on:"
78,2,"Consult","on:","on:"
430,6,"General","on:","on:"
465,6,"General","pedis:","pedis:"
754,11,"Physician ","pedis:","pedis:"
692,11,"Physician ","pulse:","pulse:"
491,6,"General","pulse:","pulse:"
55,2,"Consult","pulse:","pulse:"
1119,15,"Social Work","re:","re:"
859,11,"Physician ","to:","to:"
